{"cameraMode":{"drawMode":0,"name":"Shaded","section":"Shading Mode"},"sceneLighting":true,"audioPlay":false,"sceneViewState":{"showFog":true,"showMaterialUpdate":true,"showSkybox":true,"showFlares":true,"showImageEffects":true,"showParticleSystems":true},"in2DMode":false,"pivot":{"x":-2.2321786880493166,"y":1.4534616470336915,"z":0.285976767539978},"rotation":{"x":0.24874623119831086,"y":0.4357408285140991,"z":-0.12666736543178559,"w":0.8556939363479614},"size":8.81331729888916,"orthographic":true}